ward,ARSON_2010,ASSAULT_2010,BATTERY_2010,BURGLARY_2010,CRIM SEXUAL ASSAULT_2010,CRIMINAL DAMAGE_2010,CRIMINAL SEXUAL ASSAULT_2010,CRIMINAL TRESPASS_2010,DECEPTIVE PRACTICE_2010,GAMBLING_2010,HOMICIDE_2010,INTERFERENCE WITH PUBLIC OFFICER_2010,INTIMIDATION_2010,KIDNAPPING_2010,LIQUOR LAW VIOLATION_2010,MOTOR VEHICLE THEFT_2010,NARCOTICS_2010,NON-CRIMINAL_2010,OBSCENITY_2010,OFFENSE INVOLVING CHILDREN_2010,OTHER NARCOTIC VIOLATION_2010,OTHER OFFENSE_2010,PROSTITUTION_2010,PUBLIC INDECENCY_2010,PUBLIC PEACE VIOLATION_2010,ROBBERY_2010,SEX OFFENSE_2010,STALKING_2010,THEFT_2010,WEAPONS VIOLATION_2010,ARSON_2011,ASSAULT_2011,BATTERY_2011,BURGLARY_2011,CRIM SEXUAL ASSAULT_2011,CRIMINAL DAMAGE_2011,CRIMINAL SEXUAL ASSAULT_2011,CRIMINAL TRESPASS_2011,DECEPTIVE PRACTICE_2011,GAMBLING_2011,HOMICIDE_2011,INTERFERENCE WITH PUBLIC OFFICER_2011,INTIMIDATION_2011,KIDNAPPING_2011,LIQUOR LAW VIOLATION_2011,MOTOR VEHICLE THEFT_2011,NARCOTICS_2011,OBSCENITY_2011,OFFENSE INVOLVING CHILDREN_2011,OTHER NARCOTIC VIOLATION_2011,OTHER OFFENSE_2011,PROSTITUTION_2011,PUBLIC INDECENCY_2011,PUBLIC PEACE VIOLATION_2011,ROBBERY_2011,SEX OFFENSE_2011,STALKING_2011,THEFT_2011,WEAPONS VIOLATION_2011,ARSON_2012,ASSAULT_2012,BATTERY_2012,BURGLARY_2012,CRIM SEXUAL ASSAULT_2012,CRIMINAL DAMAGE_2012,CRIMINAL SEXUAL ASSAULT_2012,CRIMINAL TRESPASS_2012,DECEPTIVE PRACTICE_2012,GAMBLING_2012,HOMICIDE_2012,INTERFERENCE WITH PUBLIC OFFICER_2012,INTIMIDATION_2012,KIDNAPPING_2012,LIQUOR LAW VIOLATION_2012,MOTOR VEHICLE THEFT_2012,NARCOTICS_2012,NON-CRIMINAL_2012,NON-CRIMINAL (SUBJECT SPECIFIED)_2012,OBSCENITY_2012,OFFENSE INVOLVING CHILDREN_2012,OTHER NARCOTIC VIOLATION_2012,OTHER OFFENSE_2012,PROSTITUTION_2012,PUBLIC INDECENCY_2012,PUBLIC PEACE VIOLATION_2012,ROBBERY_2012,SEX OFFENSE_2012,STALKING_2012,THEFT_2012,WEAPONS VIOLATION_2012,ARSON_2013,ASSAULT_2013,BATTERY_2013,BURGLARY_2013,CRIM SEXUAL ASSAULT_2013,CRIMINAL DAMAGE_2013,CRIMINAL SEXUAL ASSAULT_2013,CRIMINAL TRESPASS_2013,DECEPTIVE PRACTICE_2013,GAMBLING_2013,HOMICIDE_2013,HUMAN TRAFFICKING_2013,INTERFERENCE WITH PUBLIC OFFICER_2013,INTIMIDATION_2013,KIDNAPPING_2013,LIQUOR LAW VIOLATION_2013,MOTOR VEHICLE THEFT_2013,NARCOTICS_2013,NON - CRIMINAL_2013,NON-CRIMINAL_2013,OBSCENITY_2013,OFFENSE INVOLVING CHILDREN_2013,OTHER NARCOTIC VIOLATION_2013,OTHER OFFENSE_2013,PROSTITUTION_2013,PUBLIC INDECENCY_2013,PUBLIC PEACE VIOLATION_2013,ROBBERY_2013,SEX OFFENSE_2013,STALKING_2013,THEFT_2013,WEAPONS VIOLATION_2013,ARSON_2014,ASSAULT_2014,BATTERY_2014,BURGLARY_2014,CONCEALED CARRY LICENSE VIOLATION_2014,CRIM SEXUAL ASSAULT_2014,CRIMINAL DAMAGE_2014,CRIMINAL SEXUAL ASSAULT_2014,CRIMINAL TRESPASS_2014,DECEPTIVE PRACTICE_2014,GAMBLING_2014,HOMICIDE_2014,HUMAN TRAFFICKING_2014,INTERFERENCE WITH PUBLIC OFFICER_2014,INTIMIDATION_2014,KIDNAPPING_2014,LIQUOR LAW VIOLATION_2014,MOTOR VEHICLE THEFT_2014,NARCOTICS_2014,NON - CRIMINAL_2014,NON-CRIMINAL_2014,NON-CRIMINAL (SUBJECT SPECIFIED)_2014,OBSCENITY_2014,OFFENSE INVOLVING CHILDREN_2014,OTHER NARCOTIC VIOLATION_2014,OTHER OFFENSE_2014,PROSTITUTION_2014,PUBLIC INDECENCY_2014,PUBLIC PEACE VIOLATION_2014,ROBBERY_2014,SEX OFFENSE_2014,STALKING_2014,THEFT_2014,WEAPONS VIOLATION_2014,ARSON_2015,ASSAULT_2015,BATTERY_2015,BURGLARY_2015,CONCEALED CARRY LICENSE VIOLATION_2015,CRIM SEXUAL ASSAULT_2015,CRIMINAL DAMAGE_2015,CRIMINAL SEXUAL ASSAULT_2015,CRIMINAL TRESPASS_2015,DECEPTIVE PRACTICE_2015,GAMBLING_2015,HOMICIDE_2015,HUMAN TRAFFICKING_2015,INTERFERENCE WITH PUBLIC OFFICER_2015,INTIMIDATION_2015,KIDNAPPING_2015,LIQUOR LAW VIOLATION_2015,MOTOR VEHICLE THEFT_2015,NARCOTICS_2015,NON - CRIMINAL_2015,NON-CRIMINAL_2015,OBSCENITY_2015,OFFENSE INVOLVING CHILDREN_2015,OTHER NARCOTIC VIOLATION_2015,OTHER OFFENSE_2015,PROSTITUTION_2015,PUBLIC INDECENCY_2015,PUBLIC PEACE VIOLATION_2015,ROBBERY_2015,SEX OFFENSE_2015,STALKING_2015,THEFT_2015,WEAPONS VIOLATION_2015,ARSON_2016,ASSAULT_2016,BATTERY_2016,BURGLARY_2016,CONCEALED CARRY LICENSE VIOLATION_2016,CRIM SEXUAL ASSAULT_2016,CRIMINAL DAMAGE_2016,CRIMINAL SEXUAL ASSAULT_2016,CRIMINAL TRESPASS_2016,DECEPTIVE PRACTICE_2016,GAMBLING_2016,HOMICIDE_2016,HUMAN TRAFFICKING_2016,INTERFERENCE WITH PUBLIC OFFICER_2016,INTIMIDATION_2016,KIDNAPPING_2016,LIQUOR LAW VIOLATION_2016,MOTOR VEHICLE THEFT_2016,NARCOTICS_2016,NON - CRIMINAL_2016,NON-CRIMINAL_2016,NON-CRIMINAL (SUBJECT SPECIFIED)_2016,OBSCENITY_2016,OFFENSE INVOLVING CHILDREN_2016,OTHER NARCOTIC VIOLATION_2016,OTHER OFFENSE_2016,PROSTITUTION_2016,PUBLIC INDECENCY_2016,PUBLIC PEACE VIOLATION_2016,ROBBERY_2016,SEX OFFENSE_2016,STALKING_2016,THEFT_2016,WEAPONS VIOLATION_2016,ARSON_2017,ASSAULT_2017,BATTERY_2017,BURGLARY_2017,CONCEALED CARRY LICENSE VIOLATION_2017,CRIM SEXUAL ASSAULT_2017,CRIMINAL DAMAGE_2017,CRIMINAL SEXUAL ASSAULT_2017,CRIMINAL TRESPASS_2017,DECEPTIVE PRACTICE_2017,GAMBLING_2017,HOMICIDE_2017,HUMAN TRAFFICKING_2017,INTERFERENCE WITH PUBLIC OFFICER_2017,INTIMIDATION_2017,KIDNAPPING_2017,LIQUOR LAW VIOLATION_2017,MOTOR VEHICLE THEFT_2017,NARCOTICS_2017,NON-CRIMINAL_2017,NON-CRIMINAL (SUBJECT SPECIFIED)_2017,OBSCENITY_2017,OFFENSE INVOLVING CHILDREN_2017,OTHER NARCOTIC VIOLATION_2017,OTHER OFFENSE_2017,PROSTITUTION_2017,PUBLIC INDECENCY_2017,PUBLIC PEACE VIOLATION_2017,ROBBERY_2017,SEX OFFENSE_2017,STALKING_2017,THEFT_2017,WEAPONS VIOLATION_2017,ARSON_2018,ASSAULT_2018,BATTERY_2018,BURGLARY_2018,CONCEALED CARRY LICENSE VIOLATION_2018,CRIM SEXUAL ASSAULT_2018,CRIMINAL DAMAGE_2018,CRIMINAL SEXUAL ASSAULT_2018,CRIMINAL TRESPASS_2018,DECEPTIVE PRACTICE_2018,GAMBLING_2018,HOMICIDE_2018,HUMAN TRAFFICKING_2018,INTERFERENCE WITH PUBLIC OFFICER_2018,INTIMIDATION_2018,KIDNAPPING_2018,LIQUOR LAW VIOLATION_2018,MOTOR VEHICLE THEFT_2018,NARCOTICS_2018,NON-CRIMINAL_2018,NON-CRIMINAL (SUBJECT SPECIFIED)_2018,OBSCENITY_2018,OFFENSE INVOLVING CHILDREN_2018,OTHER NARCOTIC VIOLATION_2018,OTHER OFFENSE_2018,PROSTITUTION_2018,PUBLIC INDECENCY_2018,PUBLIC PEACE VIOLATION_2018,ROBBERY_2018,SEX OFFENSE_2018,STALKING_2018,THEFT_2018,WEAPONS VIOLATION_2018,ARSON_2019,ASSAULT_2019,BATTERY_2019,BURGLARY_2019,CONCEALED CARRY LICENSE VIOLATION_2019,CRIM SEXUAL ASSAULT_2019,CRIMINAL DAMAGE_2019,CRIMINAL SEXUAL ASSAULT_2019,CRIMINAL TRESPASS_2019,DECEPTIVE PRACTICE_2019,GAMBLING_2019,HOMICIDE_2019,HUMAN TRAFFICKING_2019,INTERFERENCE WITH PUBLIC OFFICER_2019,INTIMIDATION_2019,KIDNAPPING_2019,LIQUOR LAW VIOLATION_2019,MOTOR VEHICLE THEFT_2019,NARCOTICS_2019,NON-CRIMINAL_2019,OBSCENITY_2019,OFFENSE INVOLVING CHILDREN_2019,OTHER NARCOTIC VIOLATION_2019,OTHER OFFENSE_2019,PROSTITUTION_2019,PUBLIC INDECENCY_2019,PUBLIC PEACE VIOLATION_2019,ROBBERY_2019,SEX OFFENSE_2019,STALKING_2019,THEFT_2019,WEAPONS VIOLATION_2019,ARSON_2020,ASSAULT_2020,BATTERY_2020,BURGLARY_2020,CONCEALED CARRY LICENSE VIOLATION_2020,CRIM SEXUAL ASSAULT_2020,CRIMINAL DAMAGE_2020,CRIMINAL SEXUAL ASSAULT_2020,CRIMINAL TRESPASS_2020,DECEPTIVE PRACTICE_2020,GAMBLING_2020,HOMICIDE_2020,HUMAN TRAFFICKING_2020,INTERFERENCE WITH PUBLIC OFFICER_2020,INTIMIDATION_2020,KIDNAPPING_2020,LIQUOR LAW VIOLATION_2020,MOTOR VEHICLE THEFT_2020,NARCOTICS_2020,NON-CRIMINAL_2020,OBSCENITY_2020,OFFENSE INVOLVING CHILDREN_2020,OTHER NARCOTIC VIOLATION_2020,OTHER OFFENSE_2020,PROSTITUTION_2020,PUBLIC INDECENCY_2020,PUBLIC PEACE VIOLATION_2020,RITUALISM_2020,ROBBERY_2020,SEX OFFENSE_2020,STALKING_2020,THEFT_2020,WEAPONS VIOLATION_2020
1,16,405,1085,564,20,921,0,214,299,2,4,13,4,3,36,403,425,0,2,53,0,335,29,0,43,285,25,3,2311,50,13,345,1006,552,27,812,0,140,230,5,2,8,4,2,34,414,304,0,42,1,266,10,0,36,235,17,2,2080,50,11,333,966,525,28,736,0,169,233,1,5,20,5,5,22,357,316,0,0,1,39,0,275,6,0,41,244,21,6,1961,34,8,271,810,498,20,618,0,102,235,0,5,0,13,1,1,12,280,203,1,0,0,35,0,255,1,0,51,203,14,5,1771,23,5,226,741,425,0,16,543,0,103,260,0,3,0,9,3,2,15,179,139,0,0,0,1,35,0,212,4,0,22,147,15,3,1586,14,6,235,688,272,0,17,564,0,82,224,0,4,0,7,1,1,6,218,122,1,1,1,19,0,194,2,0,26,141,20,1,1671,30,5,282,716,339,0,25,674,2,127,329,0,8,0,10,4,4,5,274,54,0,1,0,1,30,0,205,0,0,22,234,15,3,1951,19,6,294,684,377,0,26,526,1,126,406,0,5,0,3,3,1,5,243,55,0,0,1,18,0,197,1,0,17,255,14,1,2027,31,5,319,620,281,0,18,485,5,108,384,0,8,0,6,2,0,4,169,39,0,0,4,18,0,193,0,1,18,160,22,3,1771,42,5,294,675,215,1,14,485,14,125,430,1,4,0,11,2,0,8,149,56,0,2,18,0,208,2,0,18,156,20,5,1899,49,9,219,452,188,1,1,340,15,71,327,0,8,0,4,4,2,5,150,37,0,1,27,0,155,0,1,14,0,148,16,4,1118,56
2,4,186,585,313,13,561,0,155,347,2,0,11,2,1,19,231,160,0,0,10,1,185,58,0,27,214,24,4,2654,15,3,205,570,391,17,504,1,115,350,0,2,9,1,1,19,238,140,0,10,0,196,50,0,33,217,16,5,2307,12,2,162,499,370,21,452,0,134,361,1,2,6,2,4,18,184,115,0,0,0,18,3,197,25,0,28,197,12,1,2359,11,1,171,456,292,18,352,1,90,358,1,0,0,13,0,3,16,179,77,0,0,1,9,0,159,6,0,29,132,21,2,2170,8,3,149,457,254,0,25,332,0,118,400,0,2,0,8,2,0,13,105,79,0,0,0,0,10,1,137,14,0,21,114,12,3,1904,7,5,145,462,181,1,22,358,1,103,386,0,2,0,8,0,2,15,130,81,0,0,0,12,0,163,4,0,20,122,8,1,1765,10,7,198,509,225,0,26,378,0,110,540,0,4,0,7,3,2,17,159,56,0,1,0,1,11,0,141,1,0,15,175,15,5,2233,12,2,200,445,225,1,27,348,3,92,550,0,2,0,8,4,1,8,177,55,0,0,1,8,0,136,0,0,17,214,13,3,2268,10,2,249,471,202,0,33,352,9,139,562,0,1,0,11,6,0,5,138,39,0,0,2,10,0,140,0,2,26,174,23,9,2359,12,5,245,509,186,1,17,339,21,133,551,0,4,0,11,5,3,8,117,41,0,1,10,0,130,1,0,11,187,27,3,2116,24,1,181,332,186,1,0,192,21,88,378,0,0,1,7,6,1,7,148,21,0,0,6,0,136,0,0,12,0,125,24,2,1060,51
3,10,636,1878,400,31,922,1,438,263,22,14,19,1,6,10,497,1145,0,0,73,0,557,109,0,45,373,21,8,2007,86,5,652,1736,456,39,907,0,346,267,27,13,22,5,8,6,520,972,1,47,0,549,80,0,53,508,15,5,2008,102,6,631,1755,368,31,844,1,322,458,20,16,23,5,6,4,394,803,0,0,0,69,0,499,24,2,68,442,28,12,1942,101,4,620,1739,313,35,749,0,402,431,14,10,0,30,6,4,6,310,962,0,0,0,68,1,494,38,0,77,398,17,2,1876,91,4,556,1524,283,0,32,634,1,351,516,6,9,0,25,1,3,5,277,692,0,0,0,2,72,0,482,14,0,88,360,23,8,1551,91,8,500,1550,256,1,30,766,1,253,523,4,16,1,23,2,5,6,269,327,2,1,2,60,0,423,13,1,42,312,28,7,1451,93,5,615,1533,243,0,48,794,0,242,638,3,24,0,22,1,4,6,294,234,0,2,1,3,75,0,465,1,0,36,370,32,11,1624,93,8,608,1628,273,0,35,758,3,266,588,1,24,0,35,5,2,5,363,221,2,0,5,63,0,476,27,0,30,419,30,10,1431,126,4,666,1678,175,1,38,804,6,202,532,2,25,2,37,6,4,6,308,211,0,0,4,60,0,521,21,0,40,297,26,10,1512,107,5,661,1616,170,3,23,701,22,214,543,1,15,1,51,4,6,8,252,408,0,5,48,1,609,11,1,43,226,40,6,1479,167,25,581,1273,159,2,2,711,33,115,554,0,13,0,35,2,5,2,355,156,0,1,50,2,402,9,1,64,0,220,16,5,1090,237
4,8,530,1455,410,19,765,1,339,355,25,3,3,5,4,11,348,737,0,2,52,0,568,10,1,45,299,21,5,2365,63,7,502,1345,379,25,770,0,256,449,11,6,8,4,6,4,304,601,2,48,0,493,8,0,51,291,21,7,2236,58,2,460,1195,314,38,672,0,301,434,18,7,12,3,5,7,263,419,0,0,0,49,0,412,7,2,47,304,25,7,2154,48,2,414,1067,245,21,538,2,338,507,11,8,0,13,1,2,2,241,488,0,0,2,41,0,400,10,1,67,263,26,2,1984,40,6,428,1043,214,0,24,553,2,309,518,1,6,0,13,3,2,4,244,337,0,0,0,0,43,1,305,7,1,55,286,25,2,1844,44,6,378,1092,161,0,25,606,0,220,458,0,10,0,4,4,1,4,224,221,0,0,1,37,0,338,1,0,43,282,33,1,1976,52,5,462,1085,226,0,45,679,1,197,579,1,12,2,10,5,6,2,226,117,0,3,0,1,24,0,328,0,2,31,362,34,3,2226,47,3,526,1168,204,0,39,667,1,235,583,1,6,0,12,6,4,7,259,72,2,0,4,30,3,390,7,0,20,425,25,3,2334,38,5,545,1188,169,1,36,705,4,214,623,1,7,0,17,5,2,5,253,74,0,0,1,26,0,429,0,2,31,287,29,4,2093,48,1,565,1245,149,2,21,572,24,228,631,1,5,0,24,3,4,2,199,133,0,4,47,0,408,0,0,36,239,30,8,2210,83,5,516,1025,180,1,3,546,21,134,435,0,8,0,15,5,2,0,279,81,0,1,42,0,344,0,0,62,0,230,24,8,1234,143
5,7,514,1494,671,36,923,0,301,322,22,8,26,2,3,6,412,767,0,1,76,0,630,10,0,73,349,38,6,1761,83,5,500,1409,840,29,803,0,209,279,11,9,21,1,8,6,412,639,1,57,0,529,3,0,60,407,34,5,1725,68,3,534,1386,650,32,867,0,242,291,28,7,25,3,4,5,286,660,0,0,0,77,0,418,5,0,61,421,29,2,1650,93,7,462,1349,653,33,795,0,207,234,13,14,0,19,2,4,0,249,522,0,1,1,55,0,479,12,0,69,301,15,2,1629,75,4,394,1172,399,1,36,659,2,213,327,10,7,0,32,5,2,2,206,417,0,0,0,0,60,0,491,34,0,61,258,21,3,1194,67,1,401,1143,394,0,32,664,0,154,313,5,8,1,29,4,3,0,245,277,0,0,0,42,0,489,3,1,52,260,22,6,1225,66,3,422,1140,452,0,36,689,0,166,363,2,17,0,17,3,1,1,225,159,1,1,0,0,48,1,431,2,0,36,327,22,4,1150,65,6,469,1242,380,0,47,650,2,130,361,1,17,0,27,1,3,1,241,123,0,0,2,54,0,402,1,0,28,359,24,4,1178,96,4,469,1223,318,0,36,826,5,164,397,6,17,1,22,8,3,5,225,148,1,0,3,66,0,404,0,0,28,252,18,12,1331,84,4,495,1242,282,4,27,654,20,137,377,1,8,0,44,5,3,0,207,180,1,1,85,0,451,0,0,30,227,32,10,1288,118,8,513,1088,280,0,1,671,29,86,362,0,20,1,14,0,5,0,247,85,0,1,55,0,347,0,0,28,0,208,8,10,926,216
6,22,912,2857,1193,57,1441,0,328,303,37,21,29,7,13,8,850,1550,0,1,91,0,747,118,0,127,750,35,10,1902,183,20,866,2499,1008,68,1205,0,288,331,31,30,34,3,17,7,788,1425,2,82,0,726,128,1,80,719,27,4,1831,208,12,754,2630,818,61,1270,3,310,534,39,20,54,4,6,12,623,1435,0,0,0,71,0,574,115,1,108,740,33,5,2029,238,19,735,2415,669,50,1104,2,283,505,22,24,0,78,0,12,16,497,1228,0,0,1,77,0,646,64,0,119,609,30,5,1883,185,22,744,2123,576,0,44,968,0,208,499,12,26,0,56,0,13,8,351,898,0,0,0,0,81,0,635,60,0,113,452,25,6,1548,181,17,738,2194,628,1,43,1057,0,199,397,23,27,0,74,2,4,5,350,717,0,0,1,70,0,799,82,0,90,430,28,2,1372,214,20,767,2186,546,4,34,1117,3,233,380,8,42,0,40,2,13,2,331,465,0,0,0,1,101,0,705,7,0,49,525,22,8,1398,170,16,879,2141,485,0,48,1099,2,207,339,7,36,0,64,5,4,4,338,353,1,0,3,80,0,711,55,0,54,473,26,10,1444,287,20,830,2166,405,9,43,1052,5,209,384,4,33,1,82,3,7,6,320,491,1,0,0,118,0,777,14,0,54,374,22,9,1505,366,17,969,2340,385,12,38,1123,13,220,348,2,29,1,108,5,10,8,355,565,0,0,96,0,746,19,1,49,334,46,9,1380,401,27,848,1937,321,5,3,1124,39,134,409,0,41,0,44,2,4,4,466,312,0,0,83,0,518,17,0,42,0,312,19,8,1085,625
7,14,834,2423,1155,49,1315,0,235,280,17,16,6,5,6,4,478,1142,0,0,100,1,775,76,0,85,410,28,3,1498,137,19,795,2379,1255,53,1098,0,206,261,21,14,15,4,8,9,586,1181,0,93,0,696,59,0,70,458,19,2,1588,168,23,800,2236,1027,41,1247,0,196,245,11,28,35,5,4,3,359,997,0,0,0,64,0,610,89,0,86,443,21,4,1610,177,15,672,2010,888,40,1088,2,194,301,10,21,0,25,8,8,3,316,873,1,0,1,103,0,644,54,0,87,378,29,5,1452,125,14,614,1924,579,0,54,888,1,226,326,13,19,0,52,3,6,10,275,945,0,0,0,0,97,0,697,33,0,98,359,29,4,1307,167,13,659,1876,666,1,39,945,3,201,296,3,16,0,69,5,11,5,244,685,0,0,3,103,0,727,29,1,90,305,18,8,1179,140,10,736,1847,542,0,45,938,1,157,362,2,27,1,39,2,8,4,268,294,0,0,0,1,91,0,685,6,0,41,362,17,2,1078,113,14,702,1843,484,2,43,890,1,174,359,2,35,0,45,4,8,5,282,252,0,0,1,91,0,616,10,0,39,315,21,7,1071,187,9,716,1826,456,4,42,829,10,177,320,4,23,0,74,3,6,4,291,340,2,0,4,87,0,618,4,0,35,233,30,5,1068,210,15,724,1743,379,6,36,842,12,193,325,2,22,0,108,3,11,2,253,376,0,3,111,0,635,11,0,30,212,31,2,1184,241,12,716,1591,294,6,5,921,33,102,371,0,35,0,35,4,5,1,257,128,0,2,80,0,440,0,0,22,0,243,13,4,871,245
8,12,783,2305,1080,49,1304,3,242,341,24,21,30,4,8,4,570,1112,0,1,78,0,702,35,1,129,565,24,10,1901,135,9,730,2201,1010,46,1103,2,210,342,15,17,23,4,9,6,668,961,0,83,0,681,40,0,92,594,19,8,2288,146,11,763,2127,848,50,1225,0,167,378,16,21,35,4,6,10,449,852,0,0,1,67,0,558,15,0,95,561,21,3,2193,178,9,713,1960,737,53,1027,1,150,364,13,23,0,42,8,4,8,427,805,0,0,0,75,0,615,30,1,101,464,21,5,2064,166,12,674,1873,535,1,47,979,0,180,431,14,18,1,33,4,7,8,315,772,0,0,0,0,69,0,568,7,0,108,424,16,8,1777,130,12,678,1834,536,1,31,947,2,173,399,6,27,0,51,2,10,4,285,518,0,0,1,65,0,647,17,1,76,331,24,5,1485,157,16,752,1905,512,1,44,1038,1,148,465,5,24,0,38,3,9,3,346,283,0,0,0,1,72,0,658,0,0,52,394,20,8,1362,119,18,735,1792,490,1,49,951,0,164,407,2,22,1,33,2,5,1,359,211,1,0,4,85,0,657,0,0,46,415,24,9,1423,174,10,781,1795,375,1,49,924,5,167,386,7,20,1,46,2,1,0,291,298,0,0,5,82,0,677,0,0,39,299,13,7,1453,243,15,823,1826,435,8,28,908,15,178,411,8,21,0,73,1,9,6,333,435,0,0,84,0,668,0,0,50,259,41,10,1311,303,18,708,1615,406,4,2,952,31,135,450,0,46,0,40,2,6,1,353,180,0,2,75,0,466,2,1,27,0,295,35,5,1044,350
9,16,795,2237,851,46,1143,1,287,283,25,17,35,11,12,7,602,1113,0,0,84,0,665,101,0,77,455,32,6,1594,137,12,807,2065,858,65,1092,0,294,246,12,19,41,4,8,10,669,1037,1,83,0,632,93,0,72,410,18,8,1596,167,18,768,2044,706,57,1233,1,254,275,16,20,50,3,7,4,461,1040,0,0,0,72,0,522,165,2,71,421,34,1,1553,196,11,686,1925,611,40,995,1,286,224,17,13,0,27,3,7,4,352,830,1,0,1,67,0,545,148,0,75,469,22,7,1496,133,8,649,1754,489,1,40,986,0,278,260,7,10,0,50,13,10,7,257,681,1,0,0,2,78,1,488,87,0,92,364,24,5,1418,174,19,644,1676,504,0,24,962,3,187,279,4,19,1,39,6,14,3,270,475,0,0,1,81,0,542,51,0,71,265,13,3,1082,184,19,706,1780,498,1,56,1047,1,192,343,4,24,1,39,1,7,2,316,359,0,0,0,1,81,0,624,28,0,41,384,23,9,1149,164,19,716,1738,412,3,38,1077,0,192,320,3,29,0,67,4,7,3,281,300,1,1,5,83,1,731,57,0,49,317,15,6,1217,232,9,757,1691,320,6,37,994,2,246,353,5,40,0,89,1,4,6,241,310,1,0,1,90,0,802,71,0,44,252,25,6,1246,301,11,748,1757,298,7,27,1080,11,240,333,5,25,0,96,5,3,3,264,282,0,1,91,1,810,51,0,25,197,38,4,1131,356,27,703,1399,319,5,1,1003,27,127,410,1,36,0,34,2,5,1,296,121,0,1,66,0,528,15,0,18,0,220,25,8,876,406
10,8,504,1141,590,31,951,0,140,139,5,6,6,17,12,11,264,489,0,1,69,0,365,29,0,86,180,22,9,970,63,9,525,1215,547,33,941,0,112,186,2,5,12,4,7,16,237,528,1,72,0,377,3,0,78,173,18,3,1071,117,6,537,1207,485,27,952,0,119,171,2,10,15,3,9,18,251,436,0,0,0,53,0,349,12,0,73,179,20,2,908,85,8,388,1044,358,23,750,0,108,145,1,5,0,31,0,5,13,192,438,0,0,0,84,0,349,9,0,74,158,21,0,903,67,7,379,872,314,0,18,616,0,130,202,6,10,0,25,1,3,6,127,488,0,0,0,0,51,0,363,10,0,81,98,19,3,891,81,16,390,956,218,0,18,596,0,101,188,5,5,0,30,0,6,8,107,283,0,1,1,74,0,336,2,1,66,128,12,6,740,72,10,436,978,212,0,10,628,1,104,212,0,10,0,18,2,4,1,156,153,0,0,0,0,66,0,308,0,0,35,129,19,4,751,65,13,389,959,177,2,20,649,0,90,192,4,15,1,19,2,8,1,167,120,0,0,1,79,0,371,0,0,28,96,14,5,750,100,11,396,938,199,0,20,486,3,102,147,1,5,0,28,3,6,5,146,117,0,0,3,66,0,347,0,0,15,102,18,1,694,113,10,395,831,114,2,13,455,7,96,130,2,13,1,43,3,4,2,112,178,0,0,55,0,331,1,0,26,91,23,7,633,157,13,342,742,115,3,1,490,16,73,207,0,13,0,16,6,2,0,173,54,0,0,62,0,234,0,0,16,0,61,15,2,514,178
11,8,274,703,317,14,710,0,182,149,0,3,7,2,1,14,324,272,0,0,24,0,321,12,0,50,122,13,0,1270,35,17,315,719,314,7,741,0,143,310,0,5,14,5,5,5,340,243,2,24,0,293,3,1,47,135,15,4,1054,26,3,280,655,303,11,642,0,149,219,0,6,10,0,1,4,325,167,0,0,0,21,0,256,3,0,46,107,20,7,1267,30,5,242,570,221,13,501,0,163,201,0,3,0,5,5,0,15,253,184,0,0,3,19,0,220,7,0,52,87,19,0,1135,17,12,231,541,220,1,11,473,0,146,183,0,2,0,14,2,3,7,179,126,0,0,1,0,29,0,197,7,0,34,116,19,3,1141,10,14,236,494,171,1,17,473,0,120,177,2,4,2,6,3,0,4,193,105,1,0,0,23,0,188,4,0,24,103,9,1,916,15,3,247,545,187,0,12,437,1,119,276,0,6,0,10,7,1,6,137,86,1,3,0,0,17,0,217,4,0,9,166,12,3,951,24,7,262,529,222,0,11,360,0,73,227,0,4,0,8,3,3,4,150,58,0,0,0,14,0,204,0,0,16,158,18,2,961,36,2,286,511,197,0,16,386,4,90,287,0,4,0,6,2,2,3,152,54,0,0,0,13,0,197,2,0,12,99,13,1,886,30,3,261,529,144,4,14,368,5,88,269,0,3,0,13,3,1,10,101,70,0,1,22,0,177,0,0,7,75,19,3,890,45,8,242,431,98,1,0,357,14,54,320,0,8,0,3,9,2,5,121,39,0,0,14,0,159,1,0,10,0,103,13,4,652,87
12,6,299,983,319,22,618,0,104,131,1,11,15,3,4,30,379,514,0,0,57,0,339,39,0,169,150,26,2,782,46,12,282,906,279,21,659,0,68,123,0,7,18,2,6,20,369,417,1,56,0,305,15,1,153,141,18,4,845,59,9,267,917,283,22,603,0,71,118,0,9,15,4,8,28,349,329,0,0,1,42,0,275,13,0,112,129,23,2,894,74,12,242,787,243,17,466,0,72,101,0,3,0,17,4,5,27,285,365,0,0,0,27,0,232,18,0,121,122,27,0,825,34,6,233,771,203,0,19,506,1,83,135,0,4,0,15,4,5,20,188,358,0,0,0,1,37,0,250,6,0,99,117,19,2,772,48,13,240,725,151,0,13,464,1,51,137,0,8,0,20,0,3,16,183,365,0,1,2,37,0,200,4,0,69,124,12,4,702,58,15,297,778,179,0,14,503,0,41,166,0,12,0,8,2,1,14,184,161,0,2,0,2,36,0,239,0,0,30,159,17,4,703,63,10,298,705,181,0,20,457,2,65,152,0,14,0,14,5,3,8,156,143,0,0,3,39,0,243,4,1,30,153,17,3,656,84,13,286,711,166,2,19,443,5,69,140,0,6,1,18,1,1,2,158,145,0,0,0,42,0,195,0,1,20,101,21,1,639,95,7,219,619,158,4,9,398,6,60,142,0,6,0,24,3,0,4,131,162,0,1,44,0,218,5,0,47,78,24,3,593,136,11,225,589,91,4,0,328,14,29,153,0,14,0,9,8,0,3,97,74,0,0,38,0,177,0,0,18,0,88,29,2,376,158
13,6,196,549,347,6,662,0,51,131,2,8,2,1,8,4,180,206,0,2,41,0,263,3,0,60,86,15,0,600,19,5,197,509,430,11,621,0,51,140,0,0,8,1,5,8,155,189,2,38,0,253,0,0,32,99,21,1,643,21,7,168,524,289,9,565,0,48,176,0,0,9,3,2,14,149,155,0,0,1,45,0,227,0,0,26,90,17,8,682,18,6,140,413,291,13,442,1,55,141,0,4,0,2,1,3,6,117,162,0,0,0,32,0,203,0,1,22,90,11,3,585,18,3,142,316,213,0,7,412,0,39,170,0,2,0,10,1,4,4,95,125,0,0,0,0,33,0,190,0,0,31,62,12,0,552,10,6,136,355,203,3,7,428,1,46,168,1,1,0,2,2,7,1,134,90,0,0,2,33,0,169,1,0,23,86,15,2,434,18,14,140,390,250,4,7,452,0,50,209,0,8,0,3,2,2,2,107,52,0,0,0,1,36,0,210,0,1,14,115,9,1,461,13,8,124,359,169,4,7,431,2,49,178,0,0,0,4,0,3,0,106,67,0,0,1,37,1,174,0,0,10,91,13,2,439,17,3,143,372,201,10,7,354,0,58,166,0,3,0,6,2,3,1,108,41,1,1,1,29,0,195,0,0,10,50,17,3,555,21,4,168,379,138,12,6,365,4,41,174,0,2,0,5,1,1,0,78,58,0,0,31,0,190,0,0,11,50,17,2,381,44,1,134,296,84,1,0,281,5,31,260,0,1,0,0,2,1,0,64,21,0,2,28,0,139,0,0,10,0,57,11,3,302,52
14,15,233,715,433,23,754,0,66,123,0,6,3,4,6,22,406,436,0,0,49,1,306,182,1,62,191,14,5,837,38,19,219,654,417,18,765,0,64,132,3,6,14,2,2,15,486,379,0,50,0,256,191,0,66,155,21,6,875,50,8,218,643,341,16,642,0,71,126,1,8,7,2,7,14,347,293,0,0,1,37,0,216,77,0,52,182,25,2,825,37,9,177,591,272,13,563,0,53,124,0,3,0,5,2,2,15,291,266,0,0,3,27,0,213,70,0,52,134,28,2,962,33,12,192,476,259,0,13,550,0,41,163,0,3,0,11,1,4,6,232,307,0,0,0,1,47,0,211,68,0,45,102,19,1,740,29,6,216,627,220,1,15,451,0,43,140,0,9,0,9,2,8,3,162,242,0,0,0,39,0,192,46,0,32,155,17,3,690,31,12,223,556,257,0,22,462,0,49,194,0,9,0,9,1,1,2,210,137,0,2,0,1,36,0,178,27,0,19,142,14,4,672,39,9,206,573,250,1,10,411,1,76,185,0,14,0,8,2,5,4,170,99,0,0,1,25,0,192,9,1,13,169,17,2,622,46,9,215,510,202,2,10,426,5,57,173,0,4,0,8,7,3,3,163,116,0,0,3,32,0,202,68,0,12,114,15,6,655,71,6,232,535,169,1,9,377,10,55,174,0,3,0,2,6,1,5,123,85,0,2,53,0,178,26,1,13,97,18,0,718,95,16,213,446,104,3,0,309,15,37,197,0,13,0,8,5,0,1,100,37,0,1,30,0,187,4,0,17,0,88,11,0,474,97
15,14,461,1487,469,22,746,1,93,143,18,10,21,4,5,10,493,840,0,1,68,0,354,29,0,91,251,30,2,1002,122,10,400,1330,527,39,811,0,117,125,17,20,30,2,11,10,560,773,0,60,0,339,45,0,80,215,28,2,896,142,7,359,1234,452,42,668,0,82,141,10,14,35,2,1,15,319,631,0,1,1,48,0,266,26,1,71,250,24,0,965,107,4,309,1078,364,21,567,0,76,135,13,15,0,25,5,14,8,273,457,0,0,0,45,0,304,62,0,85,202,33,3,1003,90,17,308,1007,284,0,27,551,0,78,184,11,10,0,20,0,6,5,182,498,1,0,0,0,46,0,234,5,0,57,118,17,2,763,85,11,324,1011,199,1,17,477,0,61,159,6,16,0,24,4,7,8,170,413,1,0,0,44,0,321,58,0,47,169,19,3,588,101,21,356,934,278,0,25,530,2,62,167,2,28,0,18,8,3,5,175,267,0,0,0,0,47,0,309,16,0,39,223,26,4,572,99,21,334,896,177,0,20,486,1,58,149,2,19,0,23,6,4,5,164,199,2,0,1,48,0,316,14,1,29,196,19,4,577,102,17,399,919,184,0,24,460,8,59,147,1,11,0,26,1,5,4,131,201,0,0,1,58,0,295,6,0,19,129,21,1,615,132,6,352,864,155,3,13,526,11,79,162,1,11,0,27,3,1,2,157,178,0,2,79,0,276,0,0,20,118,24,8,590,170,22,325,792,77,4,2,484,17,32,123,0,14,0,8,4,3,1,127,85,0,1,45,0,203,1,0,17,0,111,24,3,439,229
16,25,876,2898,1149,48,1478,1,324,223,70,25,49,5,13,19,659,2461,0,1,88,0,726,122,0,134,628,30,4,1942,229,38,872,2668,1187,55,1451,1,387,246,84,32,61,8,12,15,563,2029,0,92,0,694,162,0,160,519,31,2,2043,251,24,793,2551,976,61,1189,0,366,274,63,36,71,8,7,15,459,1703,0,0,0,82,0,538,201,0,180,530,28,4,1842,264,18,702,2421,706,47,1086,0,361,267,51,23,0,68,4,10,6,343,1460,0,0,0,86,0,598,68,0,167,532,19,5,1748,182,18,647,1963,569,0,51,889,1,243,305,27,25,1,90,7,7,4,300,1376,0,0,0,0,72,0,559,41,0,144,409,25,3,1431,191,23,647,1934,422,2,33,827,1,161,309,37,17,1,81,5,6,1,322,1113,0,0,0,73,0,856,97,2,98,343,25,4,1160,185,20,743,1877,512,1,44,921,3,208,275,25,53,1,65,2,6,4,333,674,0,3,0,1,74,0,638,20,0,68,426,18,3,1037,172,20,680,1888,396,0,42,979,3,207,304,18,31,0,64,3,4,3,317,570,0,0,2,75,0,599,99,0,58,399,32,2,1121,289,20,829,1874,332,17,27,853,2,219,280,10,41,0,52,4,9,5,290,547,1,0,2,81,0,671,18,0,49,361,21,7,1198,316,25,851,1809,339,10,33,879,22,187,276,6,22,2,64,7,7,5,225,547,0,2,100,0,523,37,0,41,322,35,5,1108,331,22,702,1542,273,8,2,850,41,93,267,2,47,0,29,7,2,2,266,252,0,1,64,0,396,29,0,66,0,291,24,7,761,473
17,10,827,2455,1226,61,1288,0,283,262,31,22,24,11,10,9,628,1692,0,1,105,0,688,98,0,118,641,35,6,1643,185,14,777,2437,1080,48,1199,2,342,259,33,18,45,7,13,14,614,1688,1,93,0,630,128,0,125,549,38,5,1781,226,11,741,2270,833,57,1164,0,347,287,30,24,56,4,6,6,460,1457,0,0,1,68,0,533,50,1,142,542,32,5,1638,237,16,717,2074,600,56,936,0,308,264,30,21,1,57,5,10,1,347,1014,0,0,2,97,0,527,54,0,119,499,34,4,1698,158,19,652,1961,634,1,49,846,1,236,347,21,26,0,61,2,11,3,275,798,1,0,0,1,77,0,568,27,0,104,394,23,2,1466,182,22,652,1842,656,1,48,967,3,204,301,16,18,0,77,4,11,3,316,754,1,0,3,76,0,644,33,0,93,385,18,5,1211,174,25,668,1988,580,1,46,1002,2,180,348,12,37,0,38,0,9,3,296,335,0,0,0,0,91,0,578,16,1,53,426,34,5,1284,168,13,749,1923,434,1,40,979,5,248,338,11,18,0,44,5,8,3,287,363,2,0,3,71,0,630,14,0,58,393,23,7,1307,243,10,823,1963,380,13,37,985,4,222,351,3,21,0,85,4,6,3,299,408,0,0,2,82,0,601,11,0,48,352,18,3,1455,325,13,853,1968,378,15,32,925,16,234,348,7,20,0,83,5,5,2,264,470,0,1,83,0,608,1,0,48,281,31,8,1296,366,13,717,1689,280,4,2,894,33,142,358,1,27,1,32,4,6,1,321,246,0,5,59,0,443,1,1,40,0,231,27,4,1029,470
18,7,343,920,631,26,760,0,133,182,7,9,11,2,10,10,289,531,0,0,42,0,350,13,0,72,227,24,1,1180,62,5,311,798,530,19,659,0,115,193,4,10,18,0,9,6,312,441,2,35,0,335,12,0,64,186,17,2,1305,56,5,301,689,413,23,561,0,132,198,11,10,12,2,3,4,245,344,0,0,0,29,0,308,10,0,55,192,13,0,1253,61,3,248,642,377,18,579,0,101,174,3,5,0,11,0,3,2,214,275,0,0,0,35,0,248,2,0,44,193,19,6,1300,52,8,221,600,304,0,21,517,0,87,269,2,11,0,5,1,7,1,172,242,1,1,0,1,34,0,284,1,0,40,117,7,1,1152,40,6,241,631,223,0,22,449,0,91,211,3,7,0,13,0,2,3,169,206,3,1,3,31,0,292,0,0,24,122,7,5,1007,38,12,295,678,386,0,21,585,2,70,261,5,16,0,8,3,6,2,332,97,0,0,0,0,31,0,268,0,0,19,187,3,4,1015,38,5,253,698,298,0,10,551,1,86,250,6,11,0,7,2,3,2,240,60,1,0,6,32,1,252,0,0,23,159,8,0,874,53,6,323,698,204,0,14,468,2,85,249,4,7,0,3,4,4,0,172,71,0,0,4,46,0,279,1,0,16,142,19,3,848,57,4,357,625,210,2,12,446,6,101,288,4,8,0,15,4,5,1,184,61,0,0,43,0,297,0,0,22,103,16,4,798,81,9,280,543,148,0,0,369,15,61,293,0,5,0,2,1,4,0,158,32,0,0,40,0,196,0,0,22,0,87,10,1,572,122
19,1,190,426,222,8,415,0,113,208,5,4,4,4,20,12,87,178,0,0,50,0,263,0,0,34,57,4,2,881,21,3,176,401,253,6,388,0,95,166,1,0,7,2,5,6,94,115,1,40,0,240,0,0,27,62,13,2,724,16,5,165,360,199,12,380,0,77,168,0,2,6,3,4,10,128,82,0,0,0,41,0,226,0,0,20,81,7,0,771,10,1,175,336,142,6,298,0,58,178,0,2,0,7,3,22,5,51,79,0,0,1,38,0,213,1,0,21,94,9,3,685,5,0,147,307,139,0,7,277,0,69,189,1,1,0,9,2,11,2,59,76,0,0,0,1,49,0,180,0,0,19,43,22,1,587,9,2,164,272,116,0,8,275,0,86,241,0,0,0,9,3,7,4,55,54,0,0,1,33,0,169,0,0,12,49,2,0,652,7,3,120,332,180,0,5,300,0,71,244,0,0,0,5,3,2,1,62,41,0,0,0,0,38,0,185,0,0,16,41,10,0,554,12,3,147,311,123,0,4,283,0,75,212,0,0,0,4,2,5,2,72,15,0,0,0,44,0,150,0,0,9,42,6,3,576,9,2,148,294,118,1,12,251,0,109,216,0,4,0,4,1,5,4,70,31,1,0,1,41,0,170,0,1,12,18,5,2,572,9,3,136,291,130,0,3,219,1,92,249,0,1,0,1,2,4,0,64,35,0,1,23,0,190,0,0,21,26,16,2,459,11,1,131,226,81,1,2,193,6,66,448,0,3,0,3,1,3,2,76,28,0,4,45,0,141,1,0,4,0,46,9,2,345,17
20,29,989,3225,982,53,1467,1,471,256,57,27,42,6,14,21,698,2332,0,0,109,0,874,108,0,163,567,23,2,1823,256,22,889,2910,1000,64,1361,0,609,239,55,32,60,5,8,7,619,2088,3,87,0,781,127,0,106,598,36,1,1890,266,17,919,2802,828,42,1235,0,504,232,38,44,56,5,5,19,453,1771,0,0,2,87,0,625,131,0,165,546,27,4,1878,261,17,809,2411,625,55,1074,1,375,237,50,19,0,66,4,9,15,328,1334,0,0,1,84,0,701,62,0,119,566,30,6,1856,193,13,752,2217,596,0,48,911,2,284,329,19,19,0,79,3,7,7,291,908,0,0,0,1,69,0,735,12,0,114,464,34,4,1477,161,13,714,2137,554,1,43,1101,1,194,281,19,29,1,55,1,8,7,263,541,0,0,1,71,0,739,32,1,99,395,37,5,1285,190,14,746,2111,607,1,45,999,0,203,353,8,49,2,53,5,9,2,325,369,0,0,0,1,85,1,704,1,0,61,515,33,8,1260,152,22,808,2167,496,1,51,1059,4,203,277,1,36,0,62,5,12,2,295,289,1,0,6,89,0,685,1,0,58,463,25,11,1332,230,20,768,1950,345,5,56,1045,4,155,333,11,31,0,57,7,8,5,249,327,0,0,4,88,0,612,0,0,37,318,28,11,1243,250,12,744,2106,304,4,34,892,16,176,327,3,24,0,58,5,4,2,280,433,0,0,102,0,627,0,0,43,294,45,5,1231,301,22,692,1750,234,3,3,865,35,102,328,0,33,0,17,5,3,2,298,182,0,1,82,0,465,0,0,53,0,253,32,7,905,395
21,15,674,1996,948,35,1056,0,292,356,23,23,24,6,15,9,620,1326,0,0,83,0,668,11,0,83,452,31,5,1850,155,16,616,1765,859,45,976,0,254,376,18,14,32,5,9,7,633,1159,0,67,0,585,26,0,58,505,24,5,1930,149,10,625,1775,626,43,935,0,231,463,18,13,55,1,4,5,440,1039,0,0,0,70,0,524,4,0,74,495,11,4,1950,147,5,606,1702,440,43,939,1,220,451,15,21,1,54,2,9,2,319,1036,0,0,0,67,1,474,27,0,69,538,19,4,2038,148,11,559,1540,412,0,30,776,0,230,528,9,18,0,48,2,6,1,297,741,0,0,0,2,78,0,505,12,0,80,370,26,5,1883,148,12,575,1541,421,0,42,898,1,196,513,17,18,0,37,3,6,4,313,636,0,0,1,50,0,534,9,0,56,372,19,1,1463,126,9,599,1609,426,1,40,1016,0,218,464,7,38,0,37,1,11,2,299,344,0,0,0,0,103,0,600,0,0,40,381,22,4,1536,124,14,606,1464,336,0,39,911,1,231,416,8,29,0,38,3,7,3,310,285,1,0,1,85,0,602,6,0,52,390,17,11,1590,210,7,666,1526,332,3,45,854,6,208,476,2,24,1,46,2,10,8,292,329,1,0,0,71,0,524,0,1,22,300,25,6,1685,242,15,763,1652,272,11,35,877,12,193,508,4,18,0,72,2,9,5,265,386,0,1,92,0,582,1,0,47,282,26,7,1747,275,21,640,1369,254,2,3,936,32,129,466,0,32,0,27,0,4,1,291,151,0,0,61,0,389,2,0,22,0,206,26,8,1089,333
22,7,287,804,255,14,542,0,66,78,6,11,10,6,1,18,368,490,0,0,36,0,362,58,0,138,208,21,5,658,51,7,261,772,307,20,513,0,61,89,6,13,11,3,2,17,453,425,2,28,0,290,57,0,138,221,21,2,705,32,13,263,830,263,19,531,1,53,100,4,11,4,11,1,23,271,447,0,0,0,39,0,237,16,0,97,222,20,2,687,40,8,258,676,217,22,508,1,58,100,3,9,0,8,2,6,23,195,356,0,0,0,38,0,254,4,0,116,201,14,4,670,38,9,228,705,207,0,11,419,0,45,125,2,10,0,7,2,3,15,158,412,0,1,0,1,45,0,201,18,0,88,156,15,2,539,40,10,204,668,146,0,20,407,2,37,123,3,8,0,11,0,5,13,176,255,0,0,2,36,0,209,11,0,52,150,15,0,484,55,13,282,749,192,0,24,396,0,61,160,0,12,0,8,2,1,12,181,153,0,0,0,1,45,0,237,7,0,24,171,28,4,500,44,12,275,633,146,0,18,407,1,60,108,0,12,0,12,2,1,6,184,157,1,0,2,48,0,241,6,0,26,164,13,3,518,93,8,244,686,162,2,19,429,1,66,140,0,14,0,8,5,5,7,204,236,0,0,1,34,0,215,37,0,23,153,19,3,582,113,5,280,651,127,1,16,386,8,62,140,0,13,0,11,4,4,14,151,234,0,1,45,0,242,17,0,73,118,21,1,571,117,11,251,586,103,8,3,303,16,39,155,0,18,0,10,0,2,2,147,76,0,1,43,0,176,7,1,26,0,97,14,1,367,182
23,10,207,588,420,11,633,0,66,150,0,2,5,3,6,13,283,254,0,1,53,0,249,11,0,49,148,23,5,764,26,8,213,491,442,19,582,0,58,135,1,0,9,1,8,10,217,330,1,51,0,256,7,0,49,150,11,2,762,23,13,171,542,297,15,543,0,57,181,0,3,14,4,8,10,222,267,0,0,1,40,0,234,7,0,38,144,15,2,718,20,8,183,451,281,10,524,0,66,159,0,4,0,11,3,5,4,166,254,0,1,0,32,0,188,6,0,41,117,26,1,749,21,14,160,395,205,0,13,417,2,67,194,0,2,0,16,2,5,9,160,208,2,0,0,2,34,0,187,4,2,55,82,12,0,656,22,9,177,416,217,1,21,453,0,45,191,1,3,0,12,0,1,6,162,155,2,0,1,32,0,198,0,0,45,94,14,1,612,24,15,195,447,271,5,13,504,0,68,291,0,7,0,8,2,2,2,194,88,0,1,0,4,35,0,191,0,1,21,124,12,3,663,22,2,176,406,213,11,16,397,1,44,248,0,4,0,4,4,1,2,168,82,1,0,0,32,0,209,0,0,15,113,9,4,576,27,2,205,448,191,9,9,323,2,43,243,0,0,0,6,2,4,6,123,86,1,0,1,32,0,208,1,0,7,62,7,2,667,37,3,212,432,156,14,8,321,9,83,236,0,4,0,4,1,2,6,92,95,1,0,38,0,178,0,2,11,44,14,3,547,51,10,210,367,75,14,0,262,8,36,278,0,5,0,0,6,1,3,79,53,0,2,31,0,165,0,0,19,0,71,10,2,397,74
24,23,834,2753,748,46,1207,0,205,176,81,21,35,9,4,21,572,2767,0,1,75,0,709,83,0,84,554,26,5,1640,163,29,716,2550,605,55,1110,1,205,198,73,22,28,13,5,12,636,2394,1,67,0,605,114,0,87,584,29,5,1659,163,20,783,2623,620,51,1191,2,156,237,83,20,39,13,8,7,500,2609,0,0,0,66,0,612,118,0,100,573,29,11,1657,159,7,679,2306,507,56,931,0,265,256,84,20,0,59,8,7,8,312,3207,0,0,0,78,0,558,91,0,126,461,26,7,1507,170,11,658,2132,459,0,49,907,1,226,309,36,18,0,79,4,3,7,291,2603,1,0,0,1,86,0,554,155,0,110,471,25,4,1349,156,21,655,2222,349,1,50,1025,0,227,261,31,26,0,59,8,6,6,310,2130,3,0,0,71,0,627,154,0,122,521,37,1,1099,185,30,790,2581,355,1,56,1226,0,230,333,21,46,0,48,6,2,10,444,1468,0,2,0,4,75,0,734,331,0,121,610,28,7,1227,261,17,781,2363,340,2,60,1096,1,377,298,32,47,0,84,8,5,5,435,1712,0,0,0,83,0,699,213,0,84,547,34,4,1203,389,19,821,2343,330,11,58,1051,8,330,321,32,35,0,99,2,4,8,371,2070,0,1,4,82,0,593,337,0,67,546,35,9,1265,380,19,854,2261,222,20,29,918,27,238,377,34,34,1,83,2,6,6,372,2363,0,3,97,0,613,246,0,81,490,47,8,1230,419,29,746,2123,182,8,1,952,44,154,372,5,50,0,33,2,3,1,426,818,0,2,60,0,487,72,0,77,0,487,25,6,932,535
25,4,323,966,278,19,685,1,203,185,9,9,11,5,5,29,323,499,0,2,36,0,335,13,0,151,194,25,2,1497,42,8,341,869,296,21,651,0,168,226,17,6,9,7,4,18,361,463,1,43,0,292,6,0,133,181,14,2,1415,49,4,384,821,175,20,616,0,188,274,15,12,15,2,1,23,352,414,0,0,1,36,0,284,0,0,130,188,16,10,1486,58,11,312,770,224,16,561,0,223,261,3,10,0,12,2,4,20,309,349,0,0,1,35,0,235,1,1,94,129,15,3,1484,50,6,274,736,195,0,18,543,1,211,294,2,3,0,15,4,0,8,235,304,1,0,0,1,31,0,250,1,0,51,103,21,5,1472,32,8,305,723,168,1,28,579,0,149,272,1,8,1,6,4,0,12,223,203,0,0,0,22,0,236,2,0,57,164,17,2,1190,45,15,344,761,192,1,23,561,2,104,404,1,14,0,8,8,5,6,175,136,1,1,0,1,31,0,289,1,0,21,188,20,3,1459,41,7,388,771,260,0,38,542,1,147,347,0,10,0,5,2,2,6,183,76,0,0,0,35,0,255,1,0,15,249,18,5,1432,65,5,424,776,163,3,22,442,7,146,389,0,5,0,5,9,1,3,175,99,1,0,0,28,0,233,0,0,17,179,19,2,1510,68,4,388,790,108,1,14,465,18,154,398,2,11,0,10,2,2,10,135,124,0,0,38,0,272,0,2,34,161,32,5,1538,75,14,326,614,132,5,1,427,18,105,302,1,17,0,7,5,1,9,218,74,0,0,16,1,186,1,0,27,0,150,15,8,876,115
26,15,467,1450,550,30,793,0,122,152,5,5,6,3,4,18,493,870,0,0,57,0,430,167,0,67,250,23,2,1115,75,18,474,1311,487,24,714,0,148,134,3,5,27,8,5,20,422,804,0,53,0,386,233,0,50,243,23,3,1019,76,22,414,1129,482,23,672,0,160,134,2,8,36,2,9,18,427,853,0,0,1,62,0,334,169,0,52,262,22,4,1103,62,15,343,976,362,28,608,0,115,139,2,10,0,22,4,4,15,249,542,0,0,0,48,0,340,122,0,64,223,19,3,1098,52,6,335,952,264,0,21,502,0,114,179,1,8,0,19,1,1,15,229,388,0,0,0,1,43,0,330,107,0,40,196,23,2,799,31,14,291,837,233,0,25,497,0,89,137,1,8,0,22,3,1,9,216,262,0,1,0,40,1,306,81,0,35,161,21,7,804,42,10,325,868,272,0,23,545,1,89,228,0,7,0,10,3,4,3,284,159,0,1,0,1,40,0,294,72,0,20,249,21,4,977,53,10,377,852,316,1,40,550,1,107,221,0,8,0,14,1,0,8,296,128,1,0,0,32,0,280,17,1,12,255,23,1,906,70,7,356,811,239,1,27,438,4,81,196,0,6,0,21,1,1,5,150,178,0,0,0,37,0,272,11,0,21,179,15,0,806,85,8,355,734,207,5,11,470,14,115,234,0,7,0,36,3,3,8,144,222,0,2,31,0,278,24,0,28,116,28,1,763,103,11,305,682,172,0,0,433,19,73,201,0,12,1,7,3,3,2,168,130,0,1,27,0,189,0,0,17,0,138,14,3,691,117
27,18,850,2644,558,52,1473,0,642,370,79,22,33,6,10,27,716,2559,0,1,59,0,670,97,0,112,502,37,7,3815,118,15,735,2303,583,48,1278,1,509,410,43,14,37,6,3,30,757,2036,1,70,0,608,93,0,113,526,38,4,3635,93,13,679,2331,584,47,1371,0,444,388,58,15,44,4,11,23,708,2116,0,0,2,69,2,569,85,0,75,501,26,6,3709,118,7,648,2063,425,44,981,1,545,415,53,13,0,63,4,9,25,533,2302,0,0,1,57,0,586,77,1,96,401,35,9,3150,94,7,603,1931,337,1,40,958,1,358,513,25,22,0,67,1,6,20,440,2122,0,0,0,1,64,1,572,59,0,100,398,21,6,2725,93,12,644,1833,324,0,39,1088,2,284,484,17,14,1,43,6,3,9,433,1444,0,0,2,55,0,584,22,0,83,342,21,5,2694,101,11,740,1934,382,0,47,1371,4,235,655,14,26,1,41,3,3,9,479,997,1,1,0,0,69,0,574,2,1,74,471,38,5,3831,106,17,815,1947,376,1,59,1182,5,288,640,18,31,2,42,6,8,8,565,1004,3,0,4,80,0,559,8,0,69,545,31,12,3495,148,16,831,1962,383,3,40,1076,7,263,750,34,22,0,55,7,6,16,454,1277,2,1,4,57,0,588,3,0,77,472,42,7,3659,197,21,812,1996,282,1,28,1024,29,321,710,9,20,0,81,5,7,13,397,1468,0,1,74,0,608,15,0,72,365,47,5,3736,235,16,639,1530,320,2,2,941,31,176,542,6,47,0,30,0,2,9,497,818,0,0,53,0,394,6,0,54,0,342,41,8,2158,254
28,16,976,3245,640,60,1339,1,302,641,133,23,42,3,11,19,702,4361,0,2,90,0,754,272,0,103,741,25,6,2479,185,19,933,3056,694,69,1266,0,295,415,88,25,74,6,10,24,708,4045,0,84,0,668,320,0,89,765,50,4,2448,174,26,927,3112,658,62,1205,1,253,763,95,32,80,1,7,19,730,3901,0,0,0,88,0,635,386,1,99,748,34,6,2427,165,15,860,2833,409,49,1143,1,290,611,80,28,0,119,3,8,9,475,4834,0,0,1,146,0,762,285,0,134,606,42,8,2217,167,23,850,2680,381,2,66,1013,0,349,530,65,36,0,168,7,4,15,437,4361,0,0,0,6,139,1,768,403,0,186,565,36,9,1979,154,8,873,2587,351,5,64,1024,1,300,429,42,37,1,124,2,1,4,429,3469,0,0,1,82,0,751,364,0,169,624,35,3,1642,193,18,916,2845,319,2,81,1305,7,216,471,37,67,2,96,5,7,13,564,2465,1,0,0,2,124,0,778,188,1,119,702,51,7,1842,310,22,936,2696,343,4,67,1169,3,328,437,48,44,0,107,4,11,11,476,2041,1,0,3,92,0,714,111,0,97,676,24,3,1819,329,15,1003,2651,380,5,86,1197,8,355,407,41,55,1,122,8,5,11,441,2035,0,0,2,88,0,730,76,0,114,674,37,6,1902,383,18,959,2769,330,6,39,1044,26,289,498,25,44,1,115,9,5,11,456,2487,0,1,68,0,695,169,0,125,523,41,10,1844,431,35,837,2378,252,11,3,1093,59,191,372,7,66,0,47,4,5,2,518,1355,0,2,59,0,525,94,1,104,1,618,28,6,1439,562
29,13,583,1770,681,42,908,0,160,217,53,6,36,2,4,13,404,1978,0,1,65,0,714,29,0,84,439,30,3,1211,91,8,559,1715,696,37,866,0,200,220,48,10,50,2,6,3,397,1940,0,82,0,587,19,0,69,418,22,2,1244,116,15,540,1670,593,36,801,0,161,195,44,12,42,3,11,10,366,1484,0,0,1,62,0,510,30,0,74,333,25,1,1365,74,10,481,1653,354,33,709,0,131,220,37,18,0,50,4,8,8,303,1377,0,0,1,57,0,529,35,0,63,283,24,3,1279,79,3,480,1505,286,1,27,612,0,152,331,32,13,0,45,2,4,5,321,1329,0,0,0,0,60,1,473,90,0,74,258,17,3,933,84,7,463,1503,236,2,39,672,0,102,324,16,14,1,59,3,2,0,320,950,1,0,2,62,1,507,16,0,72,282,15,3,860,92,18,530,1494,268,0,35,781,1,142,346,7,30,0,30,1,4,0,347,513,0,1,0,1,75,0,508,18,1,35,342,17,3,956,110,11,526,1352,253,2,36,759,5,98,367,6,35,0,27,4,4,2,311,360,1,0,0,40,0,482,7,1,50,331,17,1,855,152,19,544,1379,248,1,45,603,4,101,335,6,13,0,30,1,4,3,294,407,1,0,2,57,0,473,7,0,47,287,28,5,842,140,17,563,1411,162,3,21,633,28,124,338,6,20,1,29,6,8,0,283,368,0,1,47,0,423,3,1,42,197,26,3,977,150,27,548,1349,181,1,3,646,28,67,402,0,34,0,13,4,2,1,331,160,1,3,35,0,375,1,0,29,0,230,26,4,724,224
30,8,254,823,457,13,622,0,91,94,0,4,11,0,6,10,455,372,0,1,40,0,313,22,0,46,156,11,1,804,48,7,232,725,523,30,594,0,68,115,1,2,7,2,8,13,420,283,1,50,0,312,3,0,33,152,24,1,713,42,8,227,731,378,28,545,0,77,132,0,4,13,1,3,5,379,235,0,0,0,27,0,269,1,0,36,139,21,0,760,27,7,195,653,330,11,451,0,50,143,0,0,0,13,1,1,5,293,210,0,0,0,26,0,251,0,0,35,132,16,1,727,30,8,192,587,194,0,10,431,0,59,142,0,0,0,11,3,6,5,184,152,0,1,0,2,50,0,234,3,1,23,99,12,1,604,18,10,198,632,197,1,14,404,1,42,160,1,5,0,14,1,4,3,199,136,0,0,0,28,0,230,1,0,17,121,20,2,591,24,7,205,587,260,0,15,436,1,47,200,0,3,0,5,1,5,4,207,63,0,0,0,2,32,0,244,0,0,3,110,15,0,534,30,8,221,543,238,4,19,404,0,48,193,0,5,0,3,2,3,2,258,44,0,0,0,28,1,208,0,0,10,113,13,1,610,27,6,201,539,201,0,21,351,3,53,183,0,2,0,6,4,2,2,185,57,3,0,1,31,0,200,0,0,6,101,16,4,586,48,7,175,545,118,0,8,355,4,49,162,0,2,0,4,5,4,3,159,84,0,4,41,0,219,0,1,13,74,22,4,607,51,8,189,498,85,1,0,279,13,31,195,0,4,0,2,3,1,4,125,71,0,1,23,1,158,0,0,4,0,75,11,2,459,68
31,18,277,834,510,12,640,1,73,158,0,5,10,2,7,11,409,432,0,0,43,0,370,33,0,54,192,18,4,727,48,7,226,730,471,23,537,0,58,121,0,0,29,2,2,7,374,346,0,41,0,292,33,1,36,180,23,2,699,47,12,237,743,379,19,519,1,61,130,0,2,30,0,2,9,375,338,0,0,0,35,0,309,55,0,33,146,15,4,703,39,19,230,672,329,17,466,0,51,146,0,5,0,22,0,2,9,275,290,0,0,1,39,0,325,9,0,32,113,13,2,771,30,9,197,619,217,0,18,460,0,50,177,1,7,0,23,2,7,3,198,259,0,0,0,0,38,0,285,45,0,39,81,13,1,630,32,8,228,604,192,0,14,383,1,56,137,0,3,0,17,2,5,5,182,195,0,0,1,33,0,265,16,0,29,97,13,3,559,20,16,221,564,242,0,19,381,1,60,192,0,6,0,8,4,3,1,253,92,0,1,0,1,26,0,250,2,0,12,117,19,3,533,42,5,216,543,240,2,9,362,2,50,207,0,6,0,5,1,5,0,306,70,0,0,1,32,0,267,9,0,14,108,18,1,568,29,9,201,547,174,1,12,344,0,34,175,0,7,0,5,4,4,0,168,69,1,0,1,36,0,232,4,0,13,104,10,0,512,54,5,245,590,104,2,12,374,7,60,202,0,2,0,9,1,2,3,149,102,1,2,34,0,254,10,0,22,75,24,4,505,62,1,229,508,98,4,1,273,11,40,200,0,1,0,6,3,2,5,128,96,0,1,32,0,205,1,0,8,0,75,20,2,475,80
32,5,128,445,535,11,676,0,91,194,0,0,3,1,8,18,354,94,0,1,13,0,149,37,0,21,164,14,0,1956,12,1,125,413,586,12,599,0,72,194,0,1,5,0,2,13,400,67,1,19,0,154,18,0,16,132,13,5,1649,9,2,117,364,542,10,486,0,68,164,0,0,6,1,3,11,370,76,0,0,0,12,0,132,3,0,19,110,17,3,1481,10,3,102,335,375,12,466,0,66,169,0,0,0,2,0,0,8,324,57,0,0,0,24,0,126,6,0,8,117,10,4,1385,7,1,101,341,303,0,12,451,1,48,201,0,0,0,1,0,3,2,137,39,0,0,0,0,10,0,110,4,1,5,102,7,2,1410,7,13,97,290,256,0,16,374,0,62,203,0,3,0,0,1,0,3,154,36,0,0,0,18,0,102,2,0,9,87,12,1,1347,2,5,130,291,288,0,10,385,0,92,355,0,0,0,0,1,1,4,166,23,0,0,0,1,13,0,122,0,0,8,126,9,2,1394,8,2,127,284,257,0,9,309,3,71,343,0,0,0,0,0,3,4,152,16,2,0,0,20,0,107,0,0,3,136,5,0,1311,13,0,148,279,266,0,12,345,0,81,295,0,1,0,5,3,0,5,149,13,0,0,1,7,0,122,1,1,8,82,12,3,1417,14,2,125,285,214,0,5,327,8,65,327,0,1,0,1,2,1,5,112,22,0,1,18,0,131,2,0,8,59,14,1,1351,11,5,113,204,164,0,1,224,8,62,331,0,1,0,1,2,2,2,123,17,0,2,10,0,93,0,0,5,0,77,17,1,873,20
33,11,182,672,342,21,557,0,117,137,2,3,13,1,0,21,384,299,0,1,44,0,276,10,0,42,138,22,4,966,23,8,189,618,361,14,509,0,74,127,2,4,3,2,0,24,373,265,0,27,0,257,6,0,35,117,11,3,779,28,10,155,605,354,17,446,0,68,112,0,5,7,1,2,14,342,216,0,0,0,22,0,196,11,0,31,117,18,6,784,29,7,148,516,219,10,447,0,37,119,1,4,0,6,2,1,9,240,167,0,0,0,26,0,203,13,0,38,127,11,3,739,17,3,141,458,166,0,12,417,0,47,129,2,0,0,7,3,2,12,173,154,0,0,0,0,27,0,163,22,0,35,94,17,1,598,20,10,158,514,157,0,15,373,0,39,105,1,5,0,5,0,2,7,148,103,0,0,0,27,1,149,2,1,23,76,16,2,605,25,3,150,480,140,0,18,399,1,49,181,0,5,0,6,3,3,1,169,40,0,0,0,0,26,0,165,0,0,10,139,18,2,595,21,8,129,438,184,0,8,390,0,47,205,0,1,0,1,2,1,1,147,22,0,0,0,27,0,180,0,0,9,123,23,1,769,17,2,151,458,186,0,9,352,1,57,186,0,5,0,1,2,2,2,122,23,0,0,1,17,0,176,1,0,12,123,13,0,688,27,2,151,377,128,0,4,317,7,66,178,0,2,0,1,0,1,6,94,46,0,0,17,0,146,6,0,13,73,12,3,662,53,5,154,348,98,0,0,290,9,37,208,1,4,0,3,5,0,2,114,47,0,1,23,0,115,0,0,7,0,80,8,2,446,42
34,18,830,2401,939,47,1269,0,283,284,23,25,33,8,9,2,543,1345,0,0,81,0,758,13,0,117,468,29,7,1545,213,18,763,2143,1051,49,1182,0,196,278,13,20,51,3,9,1,618,1324,1,67,0,565,9,0,68,490,26,4,1612,230,26,749,1967,746,38,1243,0,216,278,12,27,51,3,6,6,451,1240,0,0,0,64,0,511,26,0,84,459,26,3,1651,219,13,676,1851,655,46,1029,2,174,263,21,26,0,41,4,8,1,325,1189,0,0,0,71,0,540,30,0,90,338,20,4,1639,197,14,612,1580,462,0,30,870,2,184,325,16,18,0,47,4,9,3,262,876,1,0,0,1,66,0,475,17,0,96,280,17,2,1355,188,12,616,1499,370,3,35,869,0,122,307,8,27,1,53,3,4,2,268,579,0,0,2,65,0,560,10,0,57,232,13,7,1175,167,30,636,1494,414,0,35,1021,1,161,374,2,27,0,37,3,8,2,293,289,0,0,0,0,83,0,596,1,0,52,242,18,2,1050,177,16,656,1523,420,1,33,958,5,189,352,5,34,0,47,2,8,0,296,230,0,0,1,87,0,624,11,0,54,267,18,4,1148,216,8,665,1513,347,4,31,879,4,235,340,0,26,0,62,2,9,5,287,224,0,0,2,80,0,673,12,1,49,189,24,3,1191,231,7,584,1430,264,5,36,844,12,200,391,1,20,1,57,5,7,0,244,285,0,0,74,0,594,11,1,36,176,35,3,1057,270,19,618,1325,414,3,6,880,23,110,414,0,26,0,17,3,10,0,299,156,0,0,93,0,425,3,0,18,0,196,21,5,801,353
35,19,311,923,482,24,615,0,108,152,2,1,9,3,7,16,380,397,0,1,44,0,340,15,0,39,200,18,2,965,49,4,247,798,455,15,520,1,76,127,1,6,7,4,4,17,363,362,0,32,0,273,7,0,33,200,19,3,840,25,11,249,761,407,20,497,0,72,141,1,3,15,3,3,12,437,296,0,0,0,39,0,272,6,2,40,155,17,6,806,24,5,198,667,259,14,415,1,57,126,2,7,0,16,3,2,11,235,177,0,0,0,49,0,258,3,0,16,167,14,3,790,20,9,205,553,189,0,20,368,1,40,166,0,6,0,11,0,1,10,199,158,0,0,0,0,39,0,205,4,0,32,124,19,1,730,23,6,169,569,183,0,20,386,1,52,152,0,3,0,9,1,2,3,247,149,0,0,0,29,0,182,2,0,21,120,18,1,764,28,15,205,564,204,0,24,418,0,56,230,1,5,0,3,0,1,2,199,75,0,2,0,2,31,0,207,1,0,9,173,19,0,741,28,9,212,502,181,0,24,358,1,50,192,2,3,0,1,0,0,1,207,45,0,0,3,43,0,213,0,0,14,189,23,2,850,25,6,217,641,176,1,14,380,5,61,198,0,2,0,9,1,6,2,163,64,0,0,0,32,0,193,0,0,7,159,20,1,734,61,5,227,499,138,0,14,358,9,52,207,1,3,1,4,5,3,0,119,82,0,0,31,0,180,1,0,15,103,14,4,640,59,10,206,454,102,1,0,319,21,49,182,0,6,0,5,1,2,3,91,48,0,0,18,0,134,0,0,16,0,86,10,5,568,62
36,13,243,864,352,15,655,0,101,159,0,1,7,6,12,16,394,414,0,0,51,0,313,67,0,48,148,12,2,1068,40,11,256,710,451,13,584,0,96,126,0,3,17,5,1,19,375,350,1,37,0,308,40,0,36,167,15,1,887,46,14,279,721,334,20,511,0,97,130,0,6,25,8,3,10,323,330,0,0,0,35,0,275,23,0,28,120,14,5,916,35,8,224,692,248,24,430,0,84,135,0,2,0,24,5,4,11,222,341,0,0,0,36,0,272,27,0,39,83,22,1,804,36,8,227,595,184,0,14,363,0,107,139,0,3,0,27,2,7,5,163,245,0,0,0,1,50,0,218,17,0,48,81,11,1,698,23,9,227,617,185,0,17,424,0,86,167,0,5,0,30,4,3,3,178,257,0,0,0,46,0,254,13,0,34,90,13,0,621,34,8,220,572,206,0,12,406,0,60,232,0,4,0,11,7,2,2,162,103,0,1,0,1,39,0,237,3,0,14,115,9,2,761,31,13,184,570,203,0,16,348,1,68,203,0,3,0,11,4,2,2,219,91,0,0,0,37,0,212,8,0,20,96,8,0,607,47,7,240,598,186,0,9,332,1,75,168,2,6,1,9,1,5,2,137,103,1,0,1,46,0,246,1,0,12,94,20,0,593,57,5,247,592,111,1,16,311,5,68,171,0,3,0,10,2,0,2,155,115,0,2,28,1,229,0,1,15,86,20,5,612,41,7,228,485,74,2,2,318,13,47,227,0,5,0,1,3,3,2,144,87,0,0,28,0,179,1,0,16,0,63,17,0,453,82
37,13,662,2418,803,48,1054,0,184,272,113,20,45,2,13,24,462,3218,0,0,72,0,665,112,0,82,636,23,4,1845,174,25,693,2201,695,48,1006,0,177,266,75,22,64,3,10,14,484,2611,2,72,0,654,102,0,78,506,27,3,1943,155,17,618,2194,527,45,996,2,153,249,69,20,68,1,14,12,516,2461,0,0,2,75,0,527,122,0,66,536,34,2,1914,154,13,561,2055,399,33,756,0,155,247,40,13,0,77,4,8,3,348,2832,0,0,2,85,0,618,82,0,107,385,20,4,1838,170,20,619,1913,315,2,43,721,1,198,316,46,22,0,84,3,8,8,287,2007,0,0,0,0,98,0,633,72,0,93,400,18,2,1418,114,30,581,1941,284,1,50,841,0,164,351,22,36,0,82,3,5,7,333,1530,0,0,3,64,1,676,26,1,77,399,15,8,1242,148,23,667,1872,286,0,45,942,0,164,334,17,47,1,45,4,1,1,416,855,0,0,0,0,83,0,643,9,0,66,407,24,0,1300,186,11,613,1732,298,1,38,812,2,156,386,10,39,0,57,4,4,4,414,751,0,1,3,75,1,621,1,0,56,379,22,2,1229,254,17,593,1801,228,1,35,726,7,177,362,19,34,1,52,3,3,11,337,900,0,0,1,85,0,541,6,0,46,382,28,4,1327,258,17,600,1668,236,3,25,770,24,152,370,9,28,0,54,6,5,3,313,1017,0,2,82,0,463,4,0,43,288,32,5,1228,240,23,595,1494,225,1,3,690,35,93,360,1,37,0,24,4,1,3,305,453,0,1,63,0,340,4,0,38,0,337,28,3,808,329
38,7,165,491,258,8,541,0,62,139,2,3,2,2,6,5,209,141,0,0,17,0,285,1,0,18,49,15,1,572,8,5,182,412,326,5,442,0,74,115,0,1,4,3,2,7,171,118,0,21,0,265,0,0,11,37,12,1,641,7,4,135,370,239,6,375,0,57,123,0,1,10,0,3,1,201,106,0,0,0,28,0,211,0,0,14,48,12,3,650,9,5,135,355,254,1,312,0,54,122,1,3,0,8,1,4,3,172,170,0,0,0,23,0,219,0,0,14,38,7,2,636,12,3,117,361,188,0,6,321,0,48,139,0,2,0,2,1,2,2,95,114,1,0,0,0,26,0,201,2,0,9,26,9,1,443,8,2,144,345,167,0,8,322,0,58,140,2,1,0,4,0,5,2,88,98,0,0,1,24,0,192,1,0,14,39,11,2,464,11,7,168,357,223,0,16,317,0,66,190,3,2,0,5,0,6,0,114,52,0,0,0,1,24,0,199,0,0,8,46,7,0,431,10,2,147,349,155,0,4,266,0,44,186,0,0,0,6,4,1,4,91,39,0,0,2,23,0,180,1,0,6,38,9,1,409,8,3,148,375,164,0,9,263,1,40,161,1,0,0,2,1,1,6,84,23,0,0,2,18,0,183,1,0,7,36,11,0,459,13,7,159,364,95,1,9,244,0,43,171,0,7,0,6,1,1,0,77,22,0,0,19,0,167,1,0,5,20,9,3,321,17,5,127,281,86,0,0,213,6,36,288,0,2,0,3,0,5,7,69,17,0,3,23,0,157,0,1,7,0,30,16,2,323,22
39,2,125,416,379,10,535,0,64,129,0,1,4,1,3,10,203,161,0,0,32,0,245,3,0,17,78,17,2,854,14,1,140,376,404,9,492,0,69,122,2,0,5,1,0,4,209,133,2,26,0,220,0,0,14,74,14,4,761,16,6,122,397,319,9,397,0,48,121,0,0,3,4,3,8,217,114,0,0,0,14,0,173,2,0,20,57,6,1,786,17,3,119,324,237,10,349,0,40,115,0,1,0,5,1,3,7,167,98,0,0,0,34,0,151,1,0,17,66,19,2,736,12,3,111,319,226,0,9,302,0,46,153,1,0,0,3,0,7,5,113,80,0,0,0,0,12,0,145,1,0,10,46,6,3,606,17,4,128,341,211,1,12,347,0,61,144,2,5,0,3,1,2,1,133,80,0,0,0,21,0,146,4,0,8,42,5,2,651,8,3,149,341,201,0,5,341,0,59,218,0,2,0,5,3,2,1,131,61,0,4,0,1,30,0,137,0,0,5,79,11,2,681,11,11,137,341,156,0,11,271,0,62,175,0,1,0,1,2,2,4,142,23,2,0,1,17,0,173,0,0,8,70,15,2,761,13,1,127,320,180,0,12,284,2,67,183,0,3,0,0,2,1,2,123,27,2,0,0,11,0,156,0,0,5,55,12,5,672,14,3,147,357,109,0,6,248,6,76,204,1,1,0,5,2,0,0,108,24,0,1,19,0,156,1,0,8,31,16,1,636,13,4,158,271,102,1,0,269,12,63,283,0,5,1,1,1,1,2,81,21,0,0,18,0,123,0,0,8,0,56,11,0,496,33
40,5,206,590,318,18,550,0,86,162,2,2,9,3,2,19,200,270,0,0,20,0,287,5,0,52,100,15,3,836,24,3,156,526,284,15,433,0,79,130,2,1,14,1,4,15,202,276,0,14,0,263,4,0,39,79,17,3,810,21,3,198,586,283,11,429,1,82,141,4,0,13,3,1,11,197,201,0,1,0,18,0,240,4,0,25,84,15,2,830,17,1,181,560,225,5,382,0,77,173,1,2,0,8,0,3,8,123,156,0,0,0,26,0,211,1,0,24,74,17,2,813,16,2,150,499,164,0,15,340,0,60,176,4,2,0,15,1,5,9,108,185,0,0,0,1,14,0,194,2,0,18,63,14,5,646,19,1,174,456,143,0,11,312,0,60,169,2,2,0,7,1,1,2,107,146,0,0,0,23,1,167,5,0,18,61,16,0,592,20,1,168,456,140,1,25,358,0,71,284,1,2,0,5,1,4,6,122,77,0,1,0,1,20,0,185,0,0,15,81,17,2,598,27,1,178,469,116,0,22,339,1,89,273,1,2,0,4,4,3,2,131,65,0,0,0,17,0,158,0,0,15,90,15,2,736,24,5,203,546,166,0,13,343,4,86,285,1,2,0,6,4,1,9,133,54,1,0,1,17,0,194,0,0,11,82,21,0,715,24,0,191,481,122,0,21,306,15,74,277,0,1,0,4,2,2,1,89,53,0,0,31,0,170,1,0,11,44,16,5,809,12,1,174,449,110,0,0,327,21,65,307,0,3,0,2,0,1,5,129,36,0,0,10,0,127,1,0,8,0,52,15,5,684,13
41,2,129,412,162,4,354,0,166,208,0,0,3,3,7,2,93,174,0,1,19,0,574,4,0,17,12,14,1,837,14,4,114,374,161,6,402,0,205,199,0,0,3,0,2,7,66,189,0,9,0,598,4,0,21,20,18,0,900,5,3,143,377,129,4,331,0,145,217,0,1,7,0,2,2,95,244,1,0,1,16,0,462,1,0,15,26,16,2,976,8,0,118,346,95,7,281,0,116,183,0,0,0,4,1,2,3,87,267,0,0,0,25,0,802,4,0,32,10,9,1,890,5,2,130,332,100,1,10,296,0,196,231,0,1,0,2,0,3,2,120,228,0,1,0,1,10,0,692,13,0,19,15,7,4,755,8,1,154,347,113,2,9,288,0,224,272,0,1,0,3,0,1,3,69,80,1,3,1,16,0,325,0,0,49,22,13,1,751,10,0,159,359,112,8,10,305,0,191,400,0,1,0,3,1,3,2,143,193,0,4,0,0,14,0,230,0,0,29,25,7,3,844,3,4,163,365,74,20,14,240,0,196,400,0,2,1,3,0,7,0,105,140,3,0,0,12,0,176,1,0,23,18,14,2,741,11,2,179,389,86,26,4,242,3,154,350,0,0,0,3,1,3,1,115,73,7,0,0,12,1,145,0,0,22,10,14,1,824,13,3,155,403,68,30,8,234,4,142,428,1,0,0,6,1,1,0,130,114,1,1,12,0,170,0,0,20,17,17,5,791,7,4,119,254,49,17,0,150,4,119,452,0,0,0,1,1,0,3,113,95,0,0,12,0,135,0,0,12,0,18,8,6,505,7
42,2,412,1084,236,20,551,0,555,1280,0,1,19,11,3,26,234,367,0,3,4,1,525,147,2,102,375,26,7,6700,17,2,393,1040,160,26,536,0,516,1572,0,2,22,6,2,27,217,350,2,12,2,523,121,5,103,351,33,17,6740,16,0,392,1104,231,37,498,1,455,1698,1,2,23,5,5,23,116,296,4,0,1,24,0,394,94,2,86,300,34,11,7201,17,1,381,1098,229,39,462,0,552,1805,0,1,0,13,6,2,24,127,228,0,1,0,20,2,385,89,2,95,246,35,6,6709,24,1,365,1171,136,2,42,455,1,451,1679,1,2,0,18,3,1,25,129,196,0,4,0,0,15,1,337,84,2,81,216,24,9,5959,20,5,403,1102,165,0,34,526,1,437,1591,0,1,0,12,8,5,20,131,142,1,2,0,18,0,337,84,1,90,262,28,5,6328,16,4,430,1241,196,2,88,666,4,376,2231,0,3,0,15,5,4,16,225,111,0,3,0,2,18,0,398,18,1,80,403,39,9,7231,16,4,549,1422,217,0,88,628,5,402,2566,1,4,1,11,8,5,16,288,146,2,0,2,14,2,336,22,4,87,511,41,12,8936,14,4,636,1705,171,2,76,699,12,444,2866,1,5,1,22,7,5,31,306,134,1,0,1,19,0,425,1,2,95,459,56,14,8889,26,3,755,1722,170,6,45,763,36,520,2554,0,2,0,39,11,2,25,299,181,0,2,25,2,410,0,0,105,418,52,13,8563,38,15,370,968,498,2,4,490,62,262,1045,0,8,0,27,8,1,10,321,119,0,0,13,0,229,1,1,92,0,252,28,3,2943,173
43,1,77,389,244,12,565,0,77,275,2,0,5,1,2,27,203,82,0,0,5,1,132,8,0,25,131,12,3,2002,5,2,89,360,299,11,428,0,70,272,0,2,5,2,4,20,215,84,0,8,0,144,2,2,27,120,16,6,1900,1,0,91,294,431,17,438,0,90,208,0,0,3,0,1,10,209,86,0,0,0,3,0,108,1,1,13,106,4,8,1737,6,0,75,323,232,13,398,1,81,250,1,0,0,4,0,2,15,166,60,0,0,0,1,0,109,0,0,15,106,13,1,1675,6,1,86,287,153,0,13,344,0,78,228,0,0,0,2,1,3,18,128,51,0,0,0,0,4,1,124,0,0,12,80,17,1,1455,7,2,59,257,154,0,22,342,0,63,256,0,0,0,2,0,1,22,75,45,0,1,0,5,0,81,0,1,12,88,18,2,1258,5,1,57,292,176,1,25,311,1,90,394,0,0,0,1,1,1,9,113,27,0,0,0,0,7,0,93,0,0,8,106,6,1,1317,4,1,102,302,156,1,22,316,6,62,371,0,1,1,0,0,4,2,136,25,1,0,2,2,0,77,0,0,14,120,14,3,1603,4,1,133,306,190,0,17,372,3,88,341,0,1,0,3,2,1,14,118,23,0,0,1,2,0,102,1,0,18,121,23,3,1790,9,6,113,340,144,1,5,315,12,87,336,1,1,0,2,0,3,11,72,25,0,0,5,0,94,0,0,15,93,23,3,1326,5,9,92,212,111,0,2,197,6,47,330,0,1,0,0,1,1,2,86,3,0,1,3,0,80,0,0,6,0,93,9,3,780,6
44,1,149,580,293,29,470,0,148,378,2,1,3,1,1,13,157,196,0,0,4,1,162,16,1,57,204,24,4,2027,7,2,146,670,316,17,430,0,146,330,0,0,9,4,0,18,199,184,0,2,2,166,28,1,62,231,14,2,1918,13,3,149,693,451,20,479,1,143,307,2,1,6,3,1,9,236,218,1,0,1,4,1,144,10,2,35,272,23,8,1939,18,0,132,650,246,18,392,1,163,400,1,0,0,11,2,1,13,175,154,0,1,1,6,1,133,2,0,49,276,14,1,1887,7,8,117,506,228,0,23,333,0,145,343,0,0,0,2,1,0,27,84,120,0,3,0,0,10,1,119,5,2,47,181,14,1,1509,11,4,137,594,200,0,28,334,1,155,307,0,1,1,11,3,1,18,113,80,0,0,0,11,0,119,1,1,35,156,17,0,1432,11,3,132,607,274,0,23,397,1,126,484,0,1,0,13,3,1,18,133,58,0,3,0,1,7,2,137,1,0,36,199,10,2,1462,17,2,137,543,178,2,27,243,1,110,433,0,0,0,2,0,0,8,130,24,2,0,0,4,0,134,2,0,22,172,19,3,1530,9,2,177,548,196,2,33,256,2,160,479,0,1,0,3,5,1,10,144,31,1,0,1,9,0,140,0,0,20,128,21,3,1660,6,3,196,604,140,1,28,305,22,155,497,0,1,0,14,0,1,12,113,37,0,0,6,0,136,0,0,17,116,22,1,1686,7,5,146,291,130,2,1,172,21,80,363,0,0,0,4,6,0,6,174,10,0,1,3,0,107,0,0,21,0,95,9,6,1034,4
45,8,204,586,299,13,564,0,78,212,0,0,7,0,5,23,190,222,0,0,44,0,342,8,0,35,76,21,0,1026,18,8,192,565,361,12,539,0,77,177,0,2,10,2,3,6,217,185,0,44,0,292,0,0,39,83,9,5,916,10,5,180,526,348,7,505,0,78,155,0,4,5,3,7,13,248,173,0,0,1,30,0,257,2,0,45,67,12,4,1020,20,5,198,510,285,8,404,0,108,132,0,2,0,8,3,4,10,211,229,0,0,0,37,0,230,2,0,34,79,12,3,951,17,4,160,488,237,0,15,378,0,77,213,0,4,0,8,1,5,8,126,175,0,1,0,3,37,0,203,0,0,17,57,19,2,900,21,4,149,450,216,0,11,386,1,72,214,1,1,0,7,2,5,5,134,169,3,0,1,31,0,210,2,0,22,71,16,5,848,12,0,197,441,200,0,11,354,0,67,255,0,3,0,6,3,8,2,135,67,0,0,0,0,19,0,207,0,0,16,66,13,2,795,11,3,208,466,168,0,14,350,1,67,284,1,2,0,6,5,3,2,136,51,0,0,2,12,0,227,1,1,11,71,19,1,837,16,8,225,442,173,0,14,332,1,84,234,1,2,1,7,3,3,7,141,42,1,0,2,20,0,172,1,0,17,55,11,2,866,19,3,179,437,137,2,7,284,5,60,256,0,2,2,3,3,3,2,120,36,0,1,23,1,176,1,0,11,36,19,3,654,15,1,200,380,123,1,0,270,6,56,384,0,2,0,4,4,0,4,95,25,0,0,20,0,163,0,0,7,0,63,10,3,545,17
46,1,277,774,176,20,435,0,116,317,2,4,11,2,2,18,147,604,1,0,14,0,260,15,0,54,163,19,2,1299,25,3,253,674,174,27,360,1,115,297,2,4,9,2,2,8,174,674,0,16,0,263,7,1,44,160,24,2,1278,33,3,242,721,202,16,430,0,143,273,1,5,10,2,1,4,215,693,0,0,3,27,0,225,8,0,23,152,27,3,1458,39,1,251,666,99,20,331,0,142,349,0,1,0,8,1,1,4,155,460,0,0,0,31,0,233,4,1,42,115,13,1,1217,23,3,201,593,110,1,21,303,0,176,268,0,5,0,12,2,0,2,94,477,0,1,0,1,19,1,209,2,0,28,103,19,0,1054,16,2,225,606,103,0,31,311,1,141,311,0,9,0,11,2,1,3,136,238,0,0,0,32,0,171,2,0,30,107,12,3,981,17,1,231,654,118,0,29,301,0,117,359,0,6,0,3,0,1,3,109,94,0,2,0,2,19,0,178,1,0,25,153,19,1,1029,16,1,244,651,141,0,43,288,1,111,411,0,5,0,10,2,1,3,94,58,1,0,0,16,0,197,1,0,24,111,15,2,1034,19,2,234,655,125,0,34,252,5,130,346,0,2,0,14,4,0,0,108,54,0,0,2,19,0,196,0,0,18,105,22,2,907,23,5,283,630,104,0,17,226,13,98,395,1,1,0,3,0,0,1,95,40,0,1,16,0,158,0,0,16,75,26,2,1000,27,3,219,458,89,2,1,242,16,66,341,0,2,0,7,4,0,3,104,35,0,1,15,1,128,0,0,16,0,97,12,0,802,20
47,7,104,334,351,8,542,0,63,191,1,0,7,4,0,9,206,151,0,0,12,0,190,5,1,29,101,15,7,1406,10,2,130,305,413,19,435,0,67,197,0,3,2,3,3,3,231,97,0,3,0,205,0,0,29,77,15,2,1304,7,7,120,342,399,9,362,0,68,169,0,1,3,2,4,12,229,118,0,0,0,22,0,146,1,0,17,76,11,5,1255,9,3,103,282,269,7,437,0,62,160,0,1,0,4,2,3,7,225,67,0,0,0,12,0,158,0,2,19,90,17,0,1166,5,5,100,253,228,0,11,382,1,56,233,0,0,0,6,3,1,3,103,68,0,1,0,0,22,0,126,1,1,18,48,21,0,894,4,0,89,239,141,0,9,270,0,69,223,0,1,0,5,3,0,2,100,71,0,0,0,17,0,109,0,0,7,78,11,3,838,6,2,96,248,205,0,14,293,0,83,373,0,1,0,3,2,3,1,108,46,0,0,0,1,14,0,106,0,0,8,80,5,1,897,8,2,124,228,241,0,20,237,2,79,350,0,0,0,1,1,0,5,110,27,0,0,0,15,0,130,0,0,17,85,14,4,993,2,0,104,277,247,0,18,266,1,78,302,0,3,0,3,2,3,4,101,28,3,0,2,9,0,128,0,1,7,74,18,4,907,6,3,104,227,160,0,10,260,6,57,318,1,0,0,5,2,2,4,73,23,0,0,8,0,116,0,0,12,51,19,3,795,11,6,116,188,175,1,0,208,14,49,382,0,3,0,3,4,0,3,99,16,0,0,11,0,90,0,0,9,0,67,10,2,741,6
48,7,207,691,203,11,389,0,115,169,5,4,10,0,0,11,118,300,0,1,19,0,258,2,0,48,165,20,1,985,16,2,186,604,212,17,307,0,108,169,1,3,3,2,1,9,167,249,0,9,0,242,0,0,24,136,18,4,1004,19,1,199,556,252,19,367,0,100,160,3,6,9,1,1,4,127,212,0,0,0,11,0,226,0,0,23,119,19,2,1018,18,2,178,466,141,10,242,2,112,156,2,2,0,15,0,1,3,90,138,0,0,0,18,0,207,0,0,23,115,15,0,870,17,7,142,437,97,0,17,226,0,83,197,0,2,0,3,0,0,3,84,149,0,0,0,0,17,0,187,0,0,17,71,14,0,692,15,1,147,436,109,0,16,242,1,87,180,3,4,0,4,0,1,3,105,77,0,0,0,8,0,174,0,0,22,61,10,2,695,16,0,141,449,131,0,29,200,0,72,260,1,2,0,2,0,1,0,89,60,0,1,0,1,14,0,152,0,0,12,100,12,1,741,26,2,158,481,101,0,22,234,0,102,283,0,2,0,6,3,0,3,86,42,0,0,0,12,0,139,0,0,14,98,10,0,854,13,2,202,539,161,0,30,288,3,109,261,1,1,0,6,1,0,3,93,26,0,0,1,13,0,148,0,1,9,84,18,0,822,9,0,209,480,90,1,15,238,10,95,305,0,1,0,1,5,2,0,60,35,0,0,14,0,148,1,0,7,77,18,1,797,12,4,187,462,91,0,1,214,20,44,306,0,3,0,3,1,2,0,58,17,0,1,8,0,123,0,0,10,0,69,16,3,697,11
49,6,360,963,312,19,608,0,178,184,9,3,18,1,0,12,174,631,0,2,32,0,377,30,0,50,261,25,2,1079,47,7,282,974,251,23,561,1,158,183,8,4,18,3,3,16,169,449,2,26,0,378,5,0,51,245,24,4,1031,43,5,327,953,214,14,501,0,171,149,6,6,30,2,6,22,141,481,0,0,1,29,0,346,29,0,45,198,24,3,972,74,4,286,836,180,19,520,0,184,166,0,4,0,24,2,2,13,89,337,0,0,0,25,0,324,12,0,36,133,29,2,951,55,1,260,787,177,0,26,381,1,130,219,0,7,0,15,1,2,6,117,275,0,1,0,0,26,0,243,28,0,23,118,13,2,792,38,4,220,663,168,0,25,423,0,114,192,2,6,0,15,1,0,6,106,185,0,0,0,22,0,246,8,0,25,101,18,3,733,27,2,233,746,190,0,23,407,5,123,257,0,5,0,12,1,1,5,108,84,0,0,0,3,32,0,234,15,1,12,155,24,4,821,32,1,267,699,187,1,30,580,1,176,246,0,4,0,14,1,2,2,114,61,0,0,1,29,1,207,3,0,13,165,28,1,1099,36,3,284,705,177,0,23,470,0,129,191,0,6,0,14,1,1,1,102,60,1,0,1,27,0,198,0,0,17,142,37,3,931,29,1,267,731,184,0,15,476,17,111,272,2,6,1,12,1,1,0,122,92,0,5,25,0,225,0,0,11,110,19,6,1059,29,1,260,618,117,0,5,440,30,63,288,0,7,0,9,2,2,3,105,56,0,0,19,1,173,0,1,9,0,120,22,5,749,34
50,8,197,533,327,13,578,0,79,116,0,1,9,2,1,6,197,228,0,1,23,0,239,6,0,21,130,12,4,904,17,7,146,511,346,17,497,0,68,150,0,1,10,2,1,7,177,178,2,19,0,209,3,0,20,99,11,1,832,22,3,183,471,301,12,405,0,44,126,1,6,9,2,3,5,150,145,0,0,1,28,0,192,12,0,17,103,9,4,797,12,3,169,503,229,11,373,0,63,118,0,1,0,12,1,0,3,98,156,0,0,0,21,0,202,3,0,12,123,11,1,772,21,0,141,427,223,0,10,341,0,61,150,0,2,0,15,1,1,5,93,123,0,0,0,0,23,0,169,1,0,19,83,11,1,632,18,4,120,401,187,1,10,350,1,53,146,3,4,0,7,1,0,1,87,98,0,0,1,26,0,164,2,1,23,69,8,0,540,24,3,140,389,163,0,14,329,0,57,220,0,6,0,2,2,4,6,128,57,0,1,0,1,33,0,166,1,0,8,102,14,1,601,25,2,164,431,172,0,11,341,0,100,207,0,1,0,4,1,3,2,163,24,0,0,0,21,0,175,3,0,9,84,17,2,715,8,4,176,450,205,1,14,319,2,59,208,1,6,0,4,5,2,4,119,30,0,0,3,24,0,176,0,0,3,86,8,3,634,22,5,164,418,173,1,8,299,10,98,233,0,2,0,3,0,1,3,102,42,0,0,26,0,183,1,0,6,70,22,1,653,16,4,169,423,131,0,4,283,3,40,252,0,3,0,1,2,1,2,92,30,0,2,17,0,121,0,0,8,0,69,13,1,551,22
